<application>
  <component name="PersistenceGenerationSettings">
    <option name="addToUnit" value="true" />
    <option name="entitySuffix" value="Po" />
    <option name="generateColumnProperties" value="true" />
    <option name="ENTITY_SUFFIX" value="Po" />
    <option name="GENERATE_COLUMN_PROPERTIES" value="true" />
    <option name="ADD_TO_UNIT" value="true" />
  </component>
  <component name="PropertiesComponent">
    <property name="CommitChangeListDialog.DETAILS_SPLITTER_PROPORTION_2" value="0.6561644" />
    <property name="CommitChangeListDialog.SPLITTER_PROPORTION_2" value="0.7173077" />
    <property name="CommittedChanges.SplitterProportions.0" value="700" />
    <property name="CommittedChanges.SplitterProportions.1" value="500" />
    <property name="Copy.OpenInEditor" value="true" />
    <property name="ExpandBeforeRunStepsPanel" value="true" />
    <property name="ExpandRunDashboardTypesPanel" value="false" />
    <property name="FrameworksFinderRecursivePanel[0]" value="0.108342364" />
    <property name="InstalledPluginsSearchHistory" value="spring" />
    <property name="KEYMAP" value="edit&#10;search&#10;push&#10;pull&#10;commit" />
    <property name="LiveContextsPanel[0]" value="0.11007155" />
    <property name="MemberChooser.copyJavadoc" value="false" />
    <property name="MemberChooser.showClasses" value="true" />
    <property name="PluginConfigurable.selectionTab" value="1" />
    <property name="RegistryRecentKeys" value="ide.suppress.double.click.handler=compiler.automake.allow.when.app.running" />
    <property name="SettingsSearchHistory" value="compiler&#10;compi&#10;compo" />
    <property name="SpringBeansModulesPanel[0]" value="0.108342364" />
    <property name="SpringBeansModulesPanel[1]" value="0.12158055" />
    <property name="SpringMvcModulesPanel[0]" value="0.108342364" />
    <property name="SpringMvcModulesPanel[1]" value="0.12158055" />
    <property name="SqlStructureView.filterD.file.structure.state" value="true" />
    <property name="TrendingPluginsSearchHistory" value="springboot" />
    <property name="create.project.preferred.importer" value="Maven" />
    <property name="decompiler.legal.notice.accepted" value="true" />
    <property name="defaultJdkConfigured" value="true" />
    <property name="es6.show.auto.import" value="true" />
    <property name="evlsprt3.183" value="11" />
    <property name="export.settings.path" value="d:\settings.zip" />
    <property name="file.chooser.recent.files" value="D:/projects/easy-college&#10;D:/projects/cargo-ecwms/Application/ecargo-wms&#10;D:/projects/cargo-ecwms/Application/ecargo-wms-domain&#10;D:/projects/cargo-ecwms/Application/ecargo-wms-domain/src/main/java/com/ecargo/wms/master/master2&#10;D:/settings.zip&#10;C:/springProject/cargo-ecwms/Application" />
    <property name="file.gist.reindex.count" value="694" />
    <property name="fileTypeChangedCounter" value="1" />
    <property name="installed.kotlin.plugin.version" value="1.3.11-release-IJ2018.3-1" />
    <property name="kotlin.lastUpdateCheck" value="1556079203082" />
    <property name="last.imported.location" value="D:/projects/easy-college" />
    <property name="lastTip" value="1" />
    <property name="project.wizard.group" value="spring" />
    <property name="selected.color.option.type" value="INTERFACE_NAME_ATTRIBUTES" />
    <property name="ts.lib.d.ts.version" value="3.2.1" />
    <property name="typescript.show.auto.import" value="true" />
    <property name="vcs.log.changes.splitter.proportion" value="0.5804904" />
  </component>
</application>