<keymap version="1" name="Default copy" parent="$default">
  <action id="Back">
    <keyboard-shortcut first-keystroke="ctrl alt left" />
    <keyboard-shortcut first-keystroke="alt left" />
  </action>
  <action id="CodeCompletion">
    <keyboard-shortcut first-keystroke="ctrl space" />
    <keyboard-shortcut first-keystroke="alt slash" />
  </action>
  <action id="Diff.NextChange" />
  <action id="Diff.PrevChange" />
  <action id="ExpressionTypeInfo" />
  <action id="Forward">
    <keyboard-shortcut first-keystroke="ctrl alt right" />
    <keyboard-shortcut first-keystroke="alt right" />
  </action>
  <action id="Generate">
    <keyboard-shortcut first-keystroke="alt insert" />
    <keyboard-shortcut first-keystroke="shift alt s" />
  </action>
  <action id="Git.Pull">
    <keyboard-shortcut first-keystroke="alt p" />
  </action>
  <action id="HippieCompletion" />
  <action id="NextTab" />
  <action id="PreviousTab" />
  <action id="Vcs.Push">
    <keyboard-shortcut first-keystroke="shift ctrl k" />
    <keyboard-shortcut first-keystroke="shift ctrl p" />
  </action>
  <action id="context.save" />
</keymap>