<keymap version="1" name="Eclipse copy" parent="Eclipse">
  <action id="CheckinFiles">
    <keyboard-shortcut first-keystroke="ctrl k" />
  </action>
  <action id="CloseActiveTab" />
  <action id="CloseAllEditors">
    <keyboard-shortcut first-keystroke="shift ctrl w" />
  </action>
  <action id="CloseContent">
    <keyboard-shortcut first-keystroke="ctrl w" />
  </action>
  <action id="EditorMatchBrace" />
  <action id="FindNext" />
  <action id="Git.Pull">
    <keyboard-shortcut first-keystroke="alt p" />
  </action>
  <action id="Vcs.Push">
    <keyboard-shortcut first-keystroke="shift ctrl p" />
  </action>
</keymap>